id|ISO3C|name|description|wmo_region|links|_version|_change_date|_user|_status|comments
tag:beta.opencdms.org,2023:/vocab/territory/AFG|AFG|Afghanistan|Islamic Republic of Afghanistan|tag:beta.opencdms.org,2023:/vocab/wmo_region/II|NA|1|NA|tag:beta.opencdms.org,2023:/data/user/default|tag:beta.opencdms.org,2023:/vocab/status/latest|List based on combination of WMO member list, UN list of territories and information available from wikipedia.
tag:beta.opencdms.org,2023:/vocab/territory/ALB|ALB|Albania|Republic of Albania|tag:beta.opencdms.org,2023:/vocab/wmo_region/IV|NA|1|NA|tag:beta.opencdms.org,2023:/data/user/default|tag:beta.opencdms.org,2023:/vocab/status/latest|List based on combination of WMO member list, UN list of territories and information available from wikipedia.
tag:beta.opencdms.org,2023:/vocab/territory/DZA|DZA|Algeria|People’s Democratic Republic of Algeria|tag:beta.opencdms.org,2023:/vocab/wmo_region/I|NA|1|NA|tag:beta.opencdms.org,2023:/data/user/default|tag:beta.opencdms.org,2023:/vocab/status/latest|List based on combination of WMO member list, UN list of territories and information available from wikipedia.
tag:beta.opencdms.org,2023:/vocab/territory/AND|AND|Andorra|Principality of Andorra|tag:beta.opencdms.org,2023:/vocab/wmo_region/IV|NA|1|NA|tag:beta.opencdms.org,2023:/data/user/default|tag:beta.opencdms.org,2023:/vocab/status/latest|List based on combination of WMO member list, UN list of territories and information available from wikipedia.
tag:beta.opencdms.org,2023:/vocab/territory/AGO|AGO|Angola|Republic of Angola |tag:beta.opencdms.org,2023:/vocab/wmo_region/I|NA|1|NA|tag:beta.opencdms.org,2023:/data/user/default|tag:beta.opencdms.org,2023:/vocab/status/latest|List based on combination of WMO member list, UN list of territories and information available from wikipedia.
tag:beta.opencdms.org,2023:/vocab/territory/AIA|AIA|Anguilla|Anguilla|tag:beta.opencdms.org,2023:/vocab/wmo_region/IV|NA|1|NA|tag:beta.opencdms.org,2023:/data/user/default|tag:beta.opencdms.org,2023:/vocab/status/latest|List based on combination of WMO member list, UN list of territories and information available from wikipedia.
tag:beta.opencdms.org,2023:/vocab/territory/ATG|ATG|Antigua and Barbuda|Antigua and Barbuda |tag:beta.opencdms.org,2023:/vocab/wmo_region/IV|NA|1|NA|tag:beta.opencdms.org,2023:/data/user/default|tag:beta.opencdms.org,2023:/vocab/status/latest|List based on combination of WMO member list, UN list of territories and information available from wikipedia.
tag:beta.opencdms.org,2023:/vocab/territory/ARG|ARG|Argentina|Republic of Argentina |tag:beta.opencdms.org,2023:/vocab/wmo_region/III|NA|1|NA|tag:beta.opencdms.org,2023:/data/user/default|tag:beta.opencdms.org,2023:/vocab/status/latest|List based on combination of WMO member list, UN list of territories and information available from wikipedia.
tag:beta.opencdms.org,2023:/vocab/territory/ARM|ARM|Armenia|Republic of Armenia|tag:beta.opencdms.org,2023:/vocab/wmo_region/IV|NA|1|NA|tag:beta.opencdms.org,2023:/data/user/default|tag:beta.opencdms.org,2023:/vocab/status/latest|List based on combination of WMO member list, UN list of territories and information available from wikipedia.
tag:beta.opencdms.org,2023:/vocab/territory/AUS|AUS|Australia|Commonwealth of Australia|tag:beta.opencdms.org,2023:/vocab/wmo_region/V|NA|1|NA|tag:beta.opencdms.org,2023:/data/user/default|tag:beta.opencdms.org,2023:/vocab/status/latest|List based on combination of WMO member list, UN list of territories and information available from wikipedia.
tag:beta.opencdms.org,2023:/vocab/territory/AUT|AUT|Austria|Republic of Austria|tag:beta.opencdms.org,2023:/vocab/wmo_region/IV|NA|1|NA|tag:beta.opencdms.org,2023:/data/user/default|tag:beta.opencdms.org,2023:/vocab/status/latest|List based on combination of WMO member list, UN list of territories and information available from wikipedia.
tag:beta.opencdms.org,2023:/vocab/territory/AZE|AZE|Azerbaijan|Republic of Azerbaijan|tag:beta.opencdms.org,2023:/vocab/wmo_region/IV|NA|1|NA|tag:beta.opencdms.org,2023:/data/user/default|tag:beta.opencdms.org,2023:/vocab/status/latest|List based on combination of WMO member list, UN list of territories and information available from wikipedia.
tag:beta.opencdms.org,2023:/vocab/territory/BHS|BHS|Bahamas|Commonwealth of the Bahamas|tag:beta.opencdms.org,2023:/vocab/wmo_region/IV|NA|1|NA|tag:beta.opencdms.org,2023:/data/user/default|tag:beta.opencdms.org,2023:/vocab/status/latest|List based on combination of WMO member list, UN list of territories and information available from wikipedia.
tag:beta.opencdms.org,2023:/vocab/territory/BHR|BHR|Bahrain|Kingdom of Bahrain|tag:beta.opencdms.org,2023:/vocab/wmo_region/II|NA|1|NA|tag:beta.opencdms.org,2023:/data/user/default|tag:beta.opencdms.org,2023:/vocab/status/latest|List based on combination of WMO member list, UN list of territories and information available from wikipedia.
tag:beta.opencdms.org,2023:/vocab/territory/BGD|BGD|Bangladesh|People’s Republic of Bangladesh|tag:beta.opencdms.org,2023:/vocab/wmo_region/II|NA|1|NA|tag:beta.opencdms.org,2023:/data/user/default|tag:beta.opencdms.org,2023:/vocab/status/latest|List based on combination of WMO member list, UN list of territories and information available from wikipedia.
tag:beta.opencdms.org,2023:/vocab/territory/BRB|BRB|Barbados|Barbados|tag:beta.opencdms.org,2023:/vocab/wmo_region/IV|NA|1|NA|tag:beta.opencdms.org,2023:/data/user/default|tag:beta.opencdms.org,2023:/vocab/status/latest|List based on combination of WMO member list, UN list of territories and information available from wikipedia.
tag:beta.opencdms.org,2023:/vocab/territory/BLR|BLR|Belarus|Republic of Belarus|tag:beta.opencdms.org,2023:/vocab/wmo_region/IV|NA|1|NA|tag:beta.opencdms.org,2023:/data/user/default|tag:beta.opencdms.org,2023:/vocab/status/latest|List based on combination of WMO member list, UN list of territories and information available from wikipedia.
tag:beta.opencdms.org,2023:/vocab/territory/BEL|BEL|Belgium|Kingdom of Belgium|tag:beta.opencdms.org,2023:/vocab/wmo_region/IV|NA|1|NA|tag:beta.opencdms.org,2023:/data/user/default|tag:beta.opencdms.org,2023:/vocab/status/latest|List based on combination of WMO member list, UN list of territories and information available from wikipedia.
tag:beta.opencdms.org,2023:/vocab/territory/BLZ|BLZ|Belize|Belize|tag:beta.opencdms.org,2023:/vocab/wmo_region/IV|NA|1|NA|tag:beta.opencdms.org,2023:/data/user/default|tag:beta.opencdms.org,2023:/vocab/status/latest|List based on combination of WMO member list, UN list of territories and information available from wikipedia.
tag:beta.opencdms.org,2023:/vocab/territory/BEN|BEN|Benin|Republic of Benin|tag:beta.opencdms.org,2023:/vocab/wmo_region/I|NA|1|NA|tag:beta.opencdms.org,2023:/data/user/default|tag:beta.opencdms.org,2023:/vocab/status/latest|List based on combination of WMO member list, UN list of territories and information available from wikipedia.
tag:beta.opencdms.org,2023:/vocab/territory/BMU|BMU|Bermuda|Bermuda|NA|NA|1|NA|tag:beta.opencdms.org,2023:/data/user/default|tag:beta.opencdms.org,2023:/vocab/status/latest|List based on combination of WMO member list, UN list of territories and information available from wikipedia.
tag:beta.opencdms.org,2023:/vocab/territory/BTN|BTN|Bhutan|Kingdom of Bhutan|tag:beta.opencdms.org,2023:/vocab/wmo_region/II|NA|1|NA|tag:beta.opencdms.org,2023:/data/user/default|tag:beta.opencdms.org,2023:/vocab/status/latest|List based on combination of WMO member list, UN list of territories and information available from wikipedia.
tag:beta.opencdms.org,2023:/vocab/territory/BOL|BOL|Bolivia, Plurinational State of|Plurinational State of Bolivia|tag:beta.opencdms.org,2023:/vocab/wmo_region/III|NA|1|NA|tag:beta.opencdms.org,2023:/data/user/default|tag:beta.opencdms.org,2023:/vocab/status/latest|List based on combination of WMO member list, UN list of territories and information available from wikipedia.
tag:beta.opencdms.org,2023:/vocab/territory/BIH|BIH|Bosnia and Herzegovina|Bosnia and Herzegovina |tag:beta.opencdms.org,2023:/vocab/wmo_region/IV|NA|1|NA|tag:beta.opencdms.org,2023:/data/user/default|tag:beta.opencdms.org,2023:/vocab/status/latest|List based on combination of WMO member list, UN list of territories and information available from wikipedia.
tag:beta.opencdms.org,2023:/vocab/territory/BWA|BWA|Botswana|Republic of Botswana|tag:beta.opencdms.org,2023:/vocab/wmo_region/I|NA|1|NA|tag:beta.opencdms.org,2023:/data/user/default|tag:beta.opencdms.org,2023:/vocab/status/latest|List based on combination of WMO member list, UN list of territories and information available from wikipedia.
tag:beta.opencdms.org,2023:/vocab/territory/BRA|BRA|Brazil|Federative Republic of Brazil|tag:beta.opencdms.org,2023:/vocab/wmo_region/III|NA|1|NA|tag:beta.opencdms.org,2023:/data/user/default|tag:beta.opencdms.org,2023:/vocab/status/latest|List based on combination of WMO member list, UN list of territories and information available from wikipedia.
tag:beta.opencdms.org,2023:/vocab/territory/BCT|BCT|British Caribbean Territories|British Caribbean Territories|tag:beta.opencdms.org,2023:/vocab/wmo_region/IV|NA|1|NA|tag:beta.opencdms.org,2023:/data/user/default|tag:beta.opencdms.org,2023:/vocab/status/latest|List based on combination of WMO member list, UN list of territories and information available from wikipedia.
tag:beta.opencdms.org,2023:/vocab/territory/VGB|VGB|British Virgin Islands|British Virgin Islands|tag:beta.opencdms.org,2023:/vocab/wmo_region/IV|NA|1|NA|tag:beta.opencdms.org,2023:/data/user/default|tag:beta.opencdms.org,2023:/vocab/status/latest|List based on combination of WMO member list, UN list of territories and information available from wikipedia.
tag:beta.opencdms.org,2023:/vocab/territory/BRN|BRN|Brunei Darussalam|Negara Brunei Darussalam |tag:beta.opencdms.org,2023:/vocab/wmo_region/V|NA|1|NA|tag:beta.opencdms.org,2023:/data/user/default|tag:beta.opencdms.org,2023:/vocab/status/latest|List based on combination of WMO member list, UN list of territories and information available from wikipedia.
tag:beta.opencdms.org,2023:/vocab/territory/BGR|BGR|Bulgaria|Republic of Bulgaria |tag:beta.opencdms.org,2023:/vocab/wmo_region/IV|NA|1|NA|tag:beta.opencdms.org,2023:/data/user/default|tag:beta.opencdms.org,2023:/vocab/status/latest|List based on combination of WMO member list, UN list of territories and information available from wikipedia.
tag:beta.opencdms.org,2023:/vocab/territory/BFA|BFA|Burkina Faso|Burkina Faso |tag:beta.opencdms.org,2023:/vocab/wmo_region/I|NA|1|NA|tag:beta.opencdms.org,2023:/data/user/default|tag:beta.opencdms.org,2023:/vocab/status/latest|List based on combination of WMO member list, UN list of territories and information available from wikipedia.
tag:beta.opencdms.org,2023:/vocab/territory/BDI|BDI|Burundi|Republic of Burundi|tag:beta.opencdms.org,2023:/vocab/wmo_region/I|NA|1|NA|tag:beta.opencdms.org,2023:/data/user/default|tag:beta.opencdms.org,2023:/vocab/status/latest|List based on combination of WMO member list, UN list of territories and information available from wikipedia.
tag:beta.opencdms.org,2023:/vocab/territory/CPV|CPV|Cabo Verde|Republic of Cabo Verde|tag:beta.opencdms.org,2023:/vocab/wmo_region/I|NA|1|NA|tag:beta.opencdms.org,2023:/data/user/default|tag:beta.opencdms.org,2023:/vocab/status/latest|List based on combination of WMO member list, UN list of territories and information available from wikipedia.
tag:beta.opencdms.org,2023:/vocab/territory/KHM|KHM|Cambodia|Kingdom of Cambodia|tag:beta.opencdms.org,2023:/vocab/wmo_region/II|NA|1|NA|tag:beta.opencdms.org,2023:/data/user/default|tag:beta.opencdms.org,2023:/vocab/status/latest|List based on combination of WMO member list, UN list of territories and information available from wikipedia.
tag:beta.opencdms.org,2023:/vocab/territory/CMR|CMR|Cameroon|Republic of Cameroon|tag:beta.opencdms.org,2023:/vocab/wmo_region/I|NA|1|NA|tag:beta.opencdms.org,2023:/data/user/default|tag:beta.opencdms.org,2023:/vocab/status/latest|List based on combination of WMO member list, UN list of territories and information available from wikipedia.
tag:beta.opencdms.org,2023:/vocab/territory/CAN|CAN|Canada|Canada|tag:beta.opencdms.org,2023:/vocab/wmo_region/IV|NA|1|NA|tag:beta.opencdms.org,2023:/data/user/default|tag:beta.opencdms.org,2023:/vocab/status/latest|List based on combination of WMO member list, UN list of territories and information available from wikipedia.
tag:beta.opencdms.org,2023:/vocab/territory/CYM|CYM|Cayman Islands|Cayman Islands|tag:beta.opencdms.org,2023:/vocab/wmo_region/IV|NA|1|NA|tag:beta.opencdms.org,2023:/data/user/default|tag:beta.opencdms.org,2023:/vocab/status/latest|List based on combination of WMO member list, UN list of territories and information available from wikipedia.
tag:beta.opencdms.org,2023:/vocab/territory/CAF|CAF|Central African Republic|Central African Republic |tag:beta.opencdms.org,2023:/vocab/wmo_region/I|NA|1|NA|tag:beta.opencdms.org,2023:/data/user/default|tag:beta.opencdms.org,2023:/vocab/status/latest|List based on combination of WMO member list, UN list of territories and information available from wikipedia.
tag:beta.opencdms.org,2023:/vocab/territory/TCD|TCD|Chad|Republic of Chad|tag:beta.opencdms.org,2023:/vocab/wmo_region/I|NA|1|NA|tag:beta.opencdms.org,2023:/data/user/default|tag:beta.opencdms.org,2023:/vocab/status/latest|List based on combination of WMO member list, UN list of territories and information available from wikipedia.
tag:beta.opencdms.org,2023:/vocab/territory/CHL|CHL|Chile|Republic of Chile|tag:beta.opencdms.org,2023:/vocab/wmo_region/III|NA|1|NA|tag:beta.opencdms.org,2023:/data/user/default|tag:beta.opencdms.org,2023:/vocab/status/latest|List based on combination of WMO member list, UN list of territories and information available from wikipedia.
tag:beta.opencdms.org,2023:/vocab/territory/CHN|CHN|China|People’s Republic of China|tag:beta.opencdms.org,2023:/vocab/wmo_region/II|NA|1|NA|tag:beta.opencdms.org,2023:/data/user/default|tag:beta.opencdms.org,2023:/vocab/status/latest|List based on combination of WMO member list, UN list of territories and information available from wikipedia.
tag:beta.opencdms.org,2023:/vocab/territory/CXR|CXR|Christmas Island|Territory of Christmas Island|NA|NA|1|NA|tag:beta.opencdms.org,2023:/data/user/default|tag:beta.opencdms.org,2023:/vocab/status/latest|List based on combination of WMO member list, UN list of territories and information available from wikipedia.
tag:beta.opencdms.org,2023:/vocab/territory/CCK|CCK|Cocos (Keeling) Islands|Territory of Cocos (Keeling) Islands|NA|NA|1|NA|tag:beta.opencdms.org,2023:/data/user/default|tag:beta.opencdms.org,2023:/vocab/status/latest|List based on combination of WMO member list, UN list of territories and information available from wikipedia.
tag:beta.opencdms.org,2023:/vocab/territory/COL|COL|Colombia|Republic of Colombia|tag:beta.opencdms.org,2023:/vocab/wmo_region/III|NA|1|NA|tag:beta.opencdms.org,2023:/data/user/default|tag:beta.opencdms.org,2023:/vocab/status/latest|List based on combination of WMO member list, UN list of territories and information available from wikipedia.
tag:beta.opencdms.org,2023:/vocab/territory/COM|COM|Comoros|Union of the Comoros|tag:beta.opencdms.org,2023:/vocab/wmo_region/I|NA|1|NA|tag:beta.opencdms.org,2023:/data/user/default|tag:beta.opencdms.org,2023:/vocab/status/latest|List based on combination of WMO member list, UN list of territories and information available from wikipedia.
tag:beta.opencdms.org,2023:/vocab/territory/COG|COG|Congo|Republic of the Congo|tag:beta.opencdms.org,2023:/vocab/wmo_region/I|NA|1|NA|tag:beta.opencdms.org,2023:/data/user/default|tag:beta.opencdms.org,2023:/vocab/status/latest|List based on combination of WMO member list, UN list of territories and information available from wikipedia.
tag:beta.opencdms.org,2023:/vocab/territory/COD|COD|Congo, Democratic Republic of the|Democratic Republic of the Congo |tag:beta.opencdms.org,2023:/vocab/wmo_region/I|NA|1|NA|tag:beta.opencdms.org,2023:/data/user/default|tag:beta.opencdms.org,2023:/vocab/status/latest|List based on combination of WMO member list, UN list of territories and information available from wikipedia.
tag:beta.opencdms.org,2023:/vocab/territory/COK|COK|Cook Islands|Cook Islands|tag:beta.opencdms.org,2023:/vocab/wmo_region/V|NA|1|NA|tag:beta.opencdms.org,2023:/data/user/default|tag:beta.opencdms.org,2023:/vocab/status/latest|List based on combination of WMO member list, UN list of territories and information available from wikipedia.
tag:beta.opencdms.org,2023:/vocab/territory/CRI|CRI|Costa Rica|Republic of Costa Rica|tag:beta.opencdms.org,2023:/vocab/wmo_region/IV|NA|1|NA|tag:beta.opencdms.org,2023:/data/user/default|tag:beta.opencdms.org,2023:/vocab/status/latest|List based on combination of WMO member list, UN list of territories and information available from wikipedia.
tag:beta.opencdms.org,2023:/vocab/territory/CIV|CIV|Côte d'Ivoire|Republic of Côte d’Ivoire|tag:beta.opencdms.org,2023:/vocab/wmo_region/I|NA|1|NA|tag:beta.opencdms.org,2023:/data/user/default|tag:beta.opencdms.org,2023:/vocab/status/latest|List based on combination of WMO member list, UN list of territories and information available from wikipedia.
tag:beta.opencdms.org,2023:/vocab/territory/HRV|HRV|Croatia|Republic of Croatia|tag:beta.opencdms.org,2023:/vocab/wmo_region/IV|NA|1|NA|tag:beta.opencdms.org,2023:/data/user/default|tag:beta.opencdms.org,2023:/vocab/status/latest|List based on combination of WMO member list, UN list of territories and information available from wikipedia.
tag:beta.opencdms.org,2023:/vocab/territory/CUB|CUB|Cuba|Republic of Cuba|tag:beta.opencdms.org,2023:/vocab/wmo_region/IV|NA|1|NA|tag:beta.opencdms.org,2023:/data/user/default|tag:beta.opencdms.org,2023:/vocab/status/latest|List based on combination of WMO member list, UN list of territories and information available from wikipedia.
tag:beta.opencdms.org,2023:/vocab/territory/CUW|CUW|Curacao|Curaçao|tag:beta.opencdms.org,2023:/vocab/wmo_region/IV|NA|1|NA|tag:beta.opencdms.org,2023:/data/user/default|tag:beta.opencdms.org,2023:/vocab/status/latest|List based on combination of WMO member list, UN list of territories and information available from wikipedia.
tag:beta.opencdms.org,2023:/vocab/territory/CSM|CSM|Curacao and Sint Maarten|Curaçao and Sint Maarten|tag:beta.opencdms.org,2023:/vocab/wmo_region/IV|NA|1|NA|tag:beta.opencdms.org,2023:/data/user/default|tag:beta.opencdms.org,2023:/vocab/status/latest|List based on combination of WMO member list, UN list of territories and information available from wikipedia.
tag:beta.opencdms.org,2023:/vocab/territory/CYP|CYP|Cyprus|Republic of Cyprus|tag:beta.opencdms.org,2023:/vocab/wmo_region/IV|NA|1|NA|tag:beta.opencdms.org,2023:/data/user/default|tag:beta.opencdms.org,2023:/vocab/status/latest|List based on combination of WMO member list, UN list of territories and information available from wikipedia.
tag:beta.opencdms.org,2023:/vocab/territory/CZE|CZE|Czechia|Czech Republic |tag:beta.opencdms.org,2023:/vocab/wmo_region/IV|NA|1|NA|tag:beta.opencdms.org,2023:/data/user/default|tag:beta.opencdms.org,2023:/vocab/status/latest|List based on combination of WMO member list, UN list of territories and information available from wikipedia.
tag:beta.opencdms.org,2023:/vocab/territory/DNK|DNK|Denmark|Kingdom of Denmark|tag:beta.opencdms.org,2023:/vocab/wmo_region/IV|NA|1|NA|tag:beta.opencdms.org,2023:/data/user/default|tag:beta.opencdms.org,2023:/vocab/status/latest|List based on combination of WMO member list, UN list of territories and information available from wikipedia.
tag:beta.opencdms.org,2023:/vocab/territory/DJI|DJI|Djibouti|Republic of Djibouti|tag:beta.opencdms.org,2023:/vocab/wmo_region/I|NA|1|NA|tag:beta.opencdms.org,2023:/data/user/default|tag:beta.opencdms.org,2023:/vocab/status/latest|List based on combination of WMO member list, UN list of territories and information available from wikipedia.
tag:beta.opencdms.org,2023:/vocab/territory/DMA|DMA|Dominica|Commonwealth of Dominica|tag:beta.opencdms.org,2023:/vocab/wmo_region/IV|NA|1|NA|tag:beta.opencdms.org,2023:/data/user/default|tag:beta.opencdms.org,2023:/vocab/status/latest|List based on combination of WMO member list, UN list of territories and information available from wikipedia.
tag:beta.opencdms.org,2023:/vocab/territory/DOM|DOM|Dominican Republic|Dominican Republic |tag:beta.opencdms.org,2023:/vocab/wmo_region/IV|NA|1|NA|tag:beta.opencdms.org,2023:/data/user/default|tag:beta.opencdms.org,2023:/vocab/status/latest|List based on combination of WMO member list, UN list of territories and information available from wikipedia.
tag:beta.opencdms.org,2023:/vocab/territory/ECU|ECU|Ecuador|Republic of Ecuador|tag:beta.opencdms.org,2023:/vocab/wmo_region/III|NA|1|NA|tag:beta.opencdms.org,2023:/data/user/default|tag:beta.opencdms.org,2023:/vocab/status/latest|List based on combination of WMO member list, UN list of territories and information available from wikipedia.
tag:beta.opencdms.org,2023:/vocab/territory/EGY|EGY|Egypt|Arab Republic of Egypt|tag:beta.opencdms.org,2023:/vocab/wmo_region/I|NA|1|NA|tag:beta.opencdms.org,2023:/data/user/default|tag:beta.opencdms.org,2023:/vocab/status/latest|List based on combination of WMO member list, UN list of territories and information available from wikipedia.
tag:beta.opencdms.org,2023:/vocab/territory/SLV|SLV|El Salvador|Republic of El Salvador|tag:beta.opencdms.org,2023:/vocab/wmo_region/IV|NA|1|NA|tag:beta.opencdms.org,2023:/data/user/default|tag:beta.opencdms.org,2023:/vocab/status/latest|List based on combination of WMO member list, UN list of territories and information available from wikipedia.
tag:beta.opencdms.org,2023:/vocab/territory/GNQ|GNQ|Equatorial Guinea|Republic of Equatorial Guinea|NA|NA|1|NA|tag:beta.opencdms.org,2023:/data/user/default|tag:beta.opencdms.org,2023:/vocab/status/latest|List based on combination of WMO member list, UN list of territories and information available from wikipedia.
tag:beta.opencdms.org,2023:/vocab/territory/ERI|ERI|Eritrea|State of Eritrea|tag:beta.opencdms.org,2023:/vocab/wmo_region/I|NA|1|NA|tag:beta.opencdms.org,2023:/data/user/default|tag:beta.opencdms.org,2023:/vocab/status/latest|List based on combination of WMO member list, UN list of territories and information available from wikipedia.
tag:beta.opencdms.org,2023:/vocab/territory/EST|EST|Estonia|Republic of Estonia|tag:beta.opencdms.org,2023:/vocab/wmo_region/IV|NA|1|NA|tag:beta.opencdms.org,2023:/data/user/default|tag:beta.opencdms.org,2023:/vocab/status/latest|List based on combination of WMO member list, UN list of territories and information available from wikipedia.
tag:beta.opencdms.org,2023:/vocab/territory/SWZ|SWZ|Eswatini|Kingdom of Swaziland|tag:beta.opencdms.org,2023:/vocab/wmo_region/I|NA|1|NA|tag:beta.opencdms.org,2023:/data/user/default|tag:beta.opencdms.org,2023:/vocab/status/latest|List based on combination of WMO member list, UN list of territories and information available from wikipedia.
tag:beta.opencdms.org,2023:/vocab/territory/ETH|ETH|Ethiopia|Federal Democratic Republic of Ethiopia|tag:beta.opencdms.org,2023:/vocab/wmo_region/I|NA|1|NA|tag:beta.opencdms.org,2023:/data/user/default|tag:beta.opencdms.org,2023:/vocab/status/latest|List based on combination of WMO member list, UN list of territories and information available from wikipedia.
tag:beta.opencdms.org,2023:/vocab/territory/FLK|FLK|Falkland Islands (Malvinas)|Falkland Islands (Malvinas)|NA|NA|1|NA|tag:beta.opencdms.org,2023:/data/user/default|tag:beta.opencdms.org,2023:/vocab/status/latest|List based on combination of WMO member list, UN list of territories and information available from wikipedia.
tag:beta.opencdms.org,2023:/vocab/territory/FJI|FJI|Fiji|Gibraltar|tag:beta.opencdms.org,2023:/vocab/wmo_region/V|NA|1|NA|tag:beta.opencdms.org,2023:/data/user/default|tag:beta.opencdms.org,2023:/vocab/status/latest|List based on combination of WMO member list, UN list of territories and information available from wikipedia.
tag:beta.opencdms.org,2023:/vocab/territory/FIN|FIN|Finland|Greenland|tag:beta.opencdms.org,2023:/vocab/wmo_region/IV|NA|1|NA|tag:beta.opencdms.org,2023:/data/user/default|tag:beta.opencdms.org,2023:/vocab/status/latest|List based on combination of WMO member list, UN list of territories and information available from wikipedia.
tag:beta.opencdms.org,2023:/vocab/territory/FRA|FRA|France|Republic of France|tag:beta.opencdms.org,2023:/vocab/wmo_region/IV|NA|1|NA|tag:beta.opencdms.org,2023:/data/user/default|tag:beta.opencdms.org,2023:/vocab/status/latest|List based on combination of WMO member list, UN list of territories and information available from wikipedia.
tag:beta.opencdms.org,2023:/vocab/territory/PYF|PYF|French Polynesia|French Polynesia|tag:beta.opencdms.org,2023:/vocab/wmo_region/V|NA|1|NA|tag:beta.opencdms.org,2023:/data/user/default|tag:beta.opencdms.org,2023:/vocab/status/latest|List based on combination of WMO member list, UN list of territories and information available from wikipedia.
tag:beta.opencdms.org,2023:/vocab/territory/GAB|GAB|Gabon|Gabonese Republic (Gabon) |tag:beta.opencdms.org,2023:/vocab/wmo_region/I|NA|1|NA|tag:beta.opencdms.org,2023:/data/user/default|tag:beta.opencdms.org,2023:/vocab/status/latest|List based on combination of WMO member list, UN list of territories and information available from wikipedia.
tag:beta.opencdms.org,2023:/vocab/territory/GMB|GMB|Gambia|Islamic Republic of the Gambia|tag:beta.opencdms.org,2023:/vocab/wmo_region/I|NA|1|NA|tag:beta.opencdms.org,2023:/data/user/default|tag:beta.opencdms.org,2023:/vocab/status/latest|List based on combination of WMO member list, UN list of territories and information available from wikipedia.
tag:beta.opencdms.org,2023:/vocab/territory/GEO|GEO|Georgia|Georgia|tag:beta.opencdms.org,2023:/vocab/wmo_region/IV|NA|1|NA|tag:beta.opencdms.org,2023:/data/user/default|tag:beta.opencdms.org,2023:/vocab/status/latest|List based on combination of WMO member list, UN list of territories and information available from wikipedia.
tag:beta.opencdms.org,2023:/vocab/territory/DEU|DEU|Germany|Federal Republic of Germany|tag:beta.opencdms.org,2023:/vocab/wmo_region/IV|NA|1|NA|tag:beta.opencdms.org,2023:/data/user/default|tag:beta.opencdms.org,2023:/vocab/status/latest|List based on combination of WMO member list, UN list of territories and information available from wikipedia.
tag:beta.opencdms.org,2023:/vocab/territory/GHA|GHA|Ghana|Republic of Ghana|tag:beta.opencdms.org,2023:/vocab/wmo_region/I|NA|1|NA|tag:beta.opencdms.org,2023:/data/user/default|tag:beta.opencdms.org,2023:/vocab/status/latest|List based on combination of WMO member list, UN list of territories and information available from wikipedia.
tag:beta.opencdms.org,2023:/vocab/territory/GIB|GIB|Gibraltar|Gibraltar|NA|NA|1|NA|tag:beta.opencdms.org,2023:/data/user/default|tag:beta.opencdms.org,2023:/vocab/status/latest|List based on combination of WMO member list, UN list of territories and information available from wikipedia.
tag:beta.opencdms.org,2023:/vocab/territory/GRC|GRC|Greece|Hellenic Republic (Greece) |tag:beta.opencdms.org,2023:/vocab/wmo_region/IV|NA|1|NA|tag:beta.opencdms.org,2023:/data/user/default|tag:beta.opencdms.org,2023:/vocab/status/latest|List based on combination of WMO member list, UN list of territories and information available from wikipedia.
tag:beta.opencdms.org,2023:/vocab/territory/GRL|GRL|Greenland|Greenland|NA|NA|1|NA|tag:beta.opencdms.org,2023:/data/user/default|tag:beta.opencdms.org,2023:/vocab/status/latest|List based on combination of WMO member list, UN list of territories and information available from wikipedia.
tag:beta.opencdms.org,2023:/vocab/territory/GRD|GRD|Grenada|Grenada|NA|NA|1|NA|tag:beta.opencdms.org,2023:/data/user/default|tag:beta.opencdms.org,2023:/vocab/status/latest|List based on combination of WMO member list, UN list of territories and information available from wikipedia.
tag:beta.opencdms.org,2023:/vocab/territory/GTM|GTM|Guatemala|Republic of Guatemala|tag:beta.opencdms.org,2023:/vocab/wmo_region/V|NA|1|NA|tag:beta.opencdms.org,2023:/data/user/default|tag:beta.opencdms.org,2023:/vocab/status/latest|List based on combination of WMO member list, UN list of territories and information available from wikipedia.
tag:beta.opencdms.org,2023:/vocab/territory/GIN|GIN|Guinea|Republic of Guinea|tag:beta.opencdms.org,2023:/vocab/wmo_region/I|NA|1|NA|tag:beta.opencdms.org,2023:/data/user/default|tag:beta.opencdms.org,2023:/vocab/status/latest|List based on combination of WMO member list, UN list of territories and information available from wikipedia.
tag:beta.opencdms.org,2023:/vocab/territory/GNB|GNB|Guinea-Bissau|Republic of Guinea-Bissau|tag:beta.opencdms.org,2023:/vocab/wmo_region/I|NA|1|NA|tag:beta.opencdms.org,2023:/data/user/default|tag:beta.opencdms.org,2023:/vocab/status/latest|List based on combination of WMO member list, UN list of territories and information available from wikipedia.
tag:beta.opencdms.org,2023:/vocab/territory/GUY|GUY|Guyana|Republic of Guyana|tag:beta.opencdms.org,2023:/vocab/wmo_region/III|NA|1|NA|tag:beta.opencdms.org,2023:/data/user/default|tag:beta.opencdms.org,2023:/vocab/status/latest|List based on combination of WMO member list, UN list of territories and information available from wikipedia.
tag:beta.opencdms.org,2023:/vocab/territory/HTI|HTI|Haiti|Republic of Haiti|tag:beta.opencdms.org,2023:/vocab/wmo_region/IV|NA|1|NA|tag:beta.opencdms.org,2023:/data/user/default|tag:beta.opencdms.org,2023:/vocab/status/latest|List based on combination of WMO member list, UN list of territories and information available from wikipedia.
tag:beta.opencdms.org,2023:/vocab/territory/HND|HND|Honduras|Republic of Honduras|tag:beta.opencdms.org,2023:/vocab/wmo_region/IV|NA|1|NA|tag:beta.opencdms.org,2023:/data/user/default|tag:beta.opencdms.org,2023:/vocab/status/latest|List based on combination of WMO member list, UN list of territories and information available from wikipedia.
tag:beta.opencdms.org,2023:/vocab/territory/HKG|HKG|Hong Kong, China|Hong Kong, China|tag:beta.opencdms.org,2023:/vocab/wmo_region/II|NA|1|NA|tag:beta.opencdms.org,2023:/data/user/default|tag:beta.opencdms.org,2023:/vocab/status/latest|List based on combination of WMO member list, UN list of territories and information available from wikipedia.
tag:beta.opencdms.org,2023:/vocab/territory/HUN|HUN|Hungary|Hungary |tag:beta.opencdms.org,2023:/vocab/wmo_region/IV|NA|1|NA|tag:beta.opencdms.org,2023:/data/user/default|tag:beta.opencdms.org,2023:/vocab/status/latest|List based on combination of WMO member list, UN list of territories and information available from wikipedia.
tag:beta.opencdms.org,2023:/vocab/territory/ISL|ISL|Iceland|Republic of Iceland|tag:beta.opencdms.org,2023:/vocab/wmo_region/IV|NA|1|NA|tag:beta.opencdms.org,2023:/data/user/default|tag:beta.opencdms.org,2023:/vocab/status/latest|List based on combination of WMO member list, UN list of territories and information available from wikipedia.
tag:beta.opencdms.org,2023:/vocab/territory/IND|IND|India|Republic of India|tag:beta.opencdms.org,2023:/vocab/wmo_region/II|NA|1|NA|tag:beta.opencdms.org,2023:/data/user/default|tag:beta.opencdms.org,2023:/vocab/status/latest|List based on combination of WMO member list, UN list of territories and information available from wikipedia.
tag:beta.opencdms.org,2023:/vocab/territory/IDN|IDN|Indonesia|Republic of Indonesia|tag:beta.opencdms.org,2023:/vocab/wmo_region/V|NA|1|NA|tag:beta.opencdms.org,2023:/data/user/default|tag:beta.opencdms.org,2023:/vocab/status/latest|List based on combination of WMO member list, UN list of territories and information available from wikipedia.
tag:beta.opencdms.org,2023:/vocab/territory/IRN|IRN|Iran, Islamic Republic of|Islamic Republic of Iran|tag:beta.opencdms.org,2023:/vocab/wmo_region/II|NA|1|NA|tag:beta.opencdms.org,2023:/data/user/default|tag:beta.opencdms.org,2023:/vocab/status/latest|List based on combination of WMO member list, UN list of territories and information available from wikipedia.
tag:beta.opencdms.org,2023:/vocab/territory/IRQ|IRQ|Iraq|Republic of Iraq|tag:beta.opencdms.org,2023:/vocab/wmo_region/II|NA|1|NA|tag:beta.opencdms.org,2023:/data/user/default|tag:beta.opencdms.org,2023:/vocab/status/latest|List based on combination of WMO member list, UN list of territories and information available from wikipedia.
tag:beta.opencdms.org,2023:/vocab/territory/IRL|IRL|Ireland|Ireland|tag:beta.opencdms.org,2023:/vocab/wmo_region/IV|NA|1|NA|tag:beta.opencdms.org,2023:/data/user/default|tag:beta.opencdms.org,2023:/vocab/status/latest|List based on combination of WMO member list, UN list of territories and information available from wikipedia.
tag:beta.opencdms.org,2023:/vocab/territory/ISR|ISR|Israel|State of Israel |tag:beta.opencdms.org,2023:/vocab/wmo_region/IV|NA|1|NA|tag:beta.opencdms.org,2023:/data/user/default|tag:beta.opencdms.org,2023:/vocab/status/latest|List based on combination of WMO member list, UN list of territories and information available from wikipedia.
tag:beta.opencdms.org,2023:/vocab/territory/ITA|ITA|Italy|Republic of Italy|tag:beta.opencdms.org,2023:/vocab/wmo_region/IV|NA|1|NA|tag:beta.opencdms.org,2023:/data/user/default|tag:beta.opencdms.org,2023:/vocab/status/latest|List based on combination of WMO member list, UN list of territories and information available from wikipedia.
tag:beta.opencdms.org,2023:/vocab/territory/JAM|JAM|Jamaica|Jamaica|tag:beta.opencdms.org,2023:/vocab/wmo_region/IV|NA|1|NA|tag:beta.opencdms.org,2023:/data/user/default|tag:beta.opencdms.org,2023:/vocab/status/latest|List based on combination of WMO member list, UN list of territories and information available from wikipedia.
tag:beta.opencdms.org,2023:/vocab/territory/JPN|JPN|Japan|Japan |tag:beta.opencdms.org,2023:/vocab/wmo_region/II|NA|1|NA|tag:beta.opencdms.org,2023:/data/user/default|tag:beta.opencdms.org,2023:/vocab/status/latest|List based on combination of WMO member list, UN list of territories and information available from wikipedia.
tag:beta.opencdms.org,2023:/vocab/territory/JOR|JOR|Jordan|Hashemite Kingdom of Jordan|tag:beta.opencdms.org,2023:/vocab/wmo_region/IV|NA|1|NA|tag:beta.opencdms.org,2023:/data/user/default|tag:beta.opencdms.org,2023:/vocab/status/latest|List based on combination of WMO member list, UN list of territories and information available from wikipedia.
tag:beta.opencdms.org,2023:/vocab/territory/KAZ|KAZ|Kazakhstan|Republic of Kazakhstan|tag:beta.opencdms.org,2023:/vocab/wmo_region/II|NA|1|NA|tag:beta.opencdms.org,2023:/data/user/default|tag:beta.opencdms.org,2023:/vocab/status/latest|List based on combination of WMO member list, UN list of territories and information available from wikipedia.
tag:beta.opencdms.org,2023:/vocab/territory/KEN|KEN|Kenya|Republic of Kenya|tag:beta.opencdms.org,2023:/vocab/wmo_region/I|NA|1|NA|tag:beta.opencdms.org,2023:/data/user/default|tag:beta.opencdms.org,2023:/vocab/status/latest|List based on combination of WMO member list, UN list of territories and information available from wikipedia.
tag:beta.opencdms.org,2023:/vocab/territory/KIR|KIR|Kiribati|Republic of Kiribati|tag:beta.opencdms.org,2023:/vocab/wmo_region/V|NA|1|NA|tag:beta.opencdms.org,2023:/data/user/default|tag:beta.opencdms.org,2023:/vocab/status/latest|List based on combination of WMO member list, UN list of territories and information available from wikipedia.
tag:beta.opencdms.org,2023:/vocab/territory/PRK|PRK|Korea, Democratic People's Republic of|Democratic People’s Republic of Korea |tag:beta.opencdms.org,2023:/vocab/wmo_region/II|NA|1|NA|tag:beta.opencdms.org,2023:/data/user/default|tag:beta.opencdms.org,2023:/vocab/status/latest|List based on combination of WMO member list, UN list of territories and information available from wikipedia.
tag:beta.opencdms.org,2023:/vocab/territory/KOR|KOR|Korea, Republic of|Republic of Korea |tag:beta.opencdms.org,2023:/vocab/wmo_region/II|NA|1|NA|tag:beta.opencdms.org,2023:/data/user/default|tag:beta.opencdms.org,2023:/vocab/status/latest|List based on combination of WMO member list, UN list of territories and information available from wikipedia.
tag:beta.opencdms.org,2023:/vocab/territory/KWT|KWT|Kuwait|State of Kuwait|tag:beta.opencdms.org,2023:/vocab/wmo_region/II|NA|1|NA|tag:beta.opencdms.org,2023:/data/user/default|tag:beta.opencdms.org,2023:/vocab/status/latest|List based on combination of WMO member list, UN list of territories and information available from wikipedia.
tag:beta.opencdms.org,2023:/vocab/territory/KGZ|KGZ|Kyrgyzstan|Kyrgyz Republic (Kyrgyzstan) |tag:beta.opencdms.org,2023:/vocab/wmo_region/II|NA|1|NA|tag:beta.opencdms.org,2023:/data/user/default|tag:beta.opencdms.org,2023:/vocab/status/latest|List based on combination of WMO member list, UN list of territories and information available from wikipedia.
tag:beta.opencdms.org,2023:/vocab/territory/LAO|LAO|Lao People's Democratic Republic|Lao People’s Democratic Republic |tag:beta.opencdms.org,2023:/vocab/wmo_region/II|NA|1|NA|tag:beta.opencdms.org,2023:/data/user/default|tag:beta.opencdms.org,2023:/vocab/status/latest|List based on combination of WMO member list, UN list of territories and information available from wikipedia.
tag:beta.opencdms.org,2023:/vocab/territory/LVA|LVA|Latvia|Republic of Latvia|tag:beta.opencdms.org,2023:/vocab/wmo_region/IV|NA|1|NA|tag:beta.opencdms.org,2023:/data/user/default|tag:beta.opencdms.org,2023:/vocab/status/latest|List based on combination of WMO member list, UN list of territories and information available from wikipedia.
tag:beta.opencdms.org,2023:/vocab/territory/LBN|LBN|Lebanon|Republic of Lebanon|tag:beta.opencdms.org,2023:/vocab/wmo_region/IV|NA|1|NA|tag:beta.opencdms.org,2023:/data/user/default|tag:beta.opencdms.org,2023:/vocab/status/latest|List based on combination of WMO member list, UN list of territories and information available from wikipedia.
tag:beta.opencdms.org,2023:/vocab/territory/LSO|LSO|Lesotho|Kingdom of Lesotho|tag:beta.opencdms.org,2023:/vocab/wmo_region/I|NA|1|NA|tag:beta.opencdms.org,2023:/data/user/default|tag:beta.opencdms.org,2023:/vocab/status/latest|List based on combination of WMO member list, UN list of territories and information available from wikipedia.
tag:beta.opencdms.org,2023:/vocab/territory/LBR|LBR|Liberia|Republic of Liberia|tag:beta.opencdms.org,2023:/vocab/wmo_region/I|NA|1|NA|tag:beta.opencdms.org,2023:/data/user/default|tag:beta.opencdms.org,2023:/vocab/status/latest|List based on combination of WMO member list, UN list of territories and information available from wikipedia.
tag:beta.opencdms.org,2023:/vocab/territory/LBY|LBY|Libya|Libya|tag:beta.opencdms.org,2023:/vocab/wmo_region/I|NA|1|NA|tag:beta.opencdms.org,2023:/data/user/default|tag:beta.opencdms.org,2023:/vocab/status/latest|List based on combination of WMO member list, UN list of territories and information available from wikipedia.
tag:beta.opencdms.org,2023:/vocab/territory/LIE|LIE|Liechtenstein|Principality of Liechtenstein|NA|NA|1|NA|tag:beta.opencdms.org,2023:/data/user/default|tag:beta.opencdms.org,2023:/vocab/status/latest|List based on combination of WMO member list, UN list of territories and information available from wikipedia.
tag:beta.opencdms.org,2023:/vocab/territory/LTU|LTU|Lithuania|Republic of Lithuania|tag:beta.opencdms.org,2023:/vocab/wmo_region/IV|NA|1|NA|tag:beta.opencdms.org,2023:/data/user/default|tag:beta.opencdms.org,2023:/vocab/status/latest|List based on combination of WMO member list, UN list of territories and information available from wikipedia.
tag:beta.opencdms.org,2023:/vocab/territory/LUX|LUX|Luxembourg|Grand Duchy of Luxembourg|tag:beta.opencdms.org,2023:/vocab/wmo_region/IV|NA|1|NA|tag:beta.opencdms.org,2023:/data/user/default|tag:beta.opencdms.org,2023:/vocab/status/latest|List based on combination of WMO member list, UN list of territories and information available from wikipedia.
tag:beta.opencdms.org,2023:/vocab/territory/MAC|MAC|Macao, China|Macao, China|tag:beta.opencdms.org,2023:/vocab/wmo_region/II|NA|1|NA|tag:beta.opencdms.org,2023:/data/user/default|tag:beta.opencdms.org,2023:/vocab/status/latest|List based on combination of WMO member list, UN list of territories and information available from wikipedia.
tag:beta.opencdms.org,2023:/vocab/territory/MDG|MDG|Madagascar|Republic of Madagascar|tag:beta.opencdms.org,2023:/vocab/wmo_region/I|NA|1|NA|tag:beta.opencdms.org,2023:/data/user/default|tag:beta.opencdms.org,2023:/vocab/status/latest|List based on combination of WMO member list, UN list of territories and information available from wikipedia.
tag:beta.opencdms.org,2023:/vocab/territory/MWI|MWI|Malawi|Republic of Malawi|tag:beta.opencdms.org,2023:/vocab/wmo_region/I|NA|1|NA|tag:beta.opencdms.org,2023:/data/user/default|tag:beta.opencdms.org,2023:/vocab/status/latest|List based on combination of WMO member list, UN list of territories and information available from wikipedia.
tag:beta.opencdms.org,2023:/vocab/territory/MYS|MYS|Malaysia|Malaysia|tag:beta.opencdms.org,2023:/vocab/wmo_region/V|NA|1|NA|tag:beta.opencdms.org,2023:/data/user/default|tag:beta.opencdms.org,2023:/vocab/status/latest|List based on combination of WMO member list, UN list of territories and information available from wikipedia.
tag:beta.opencdms.org,2023:/vocab/territory/MDV|MDV|Maldives|Republic of Maldives|tag:beta.opencdms.org,2023:/vocab/wmo_region/II|NA|1|NA|tag:beta.opencdms.org,2023:/data/user/default|tag:beta.opencdms.org,2023:/vocab/status/latest|List based on combination of WMO member list, UN list of territories and information available from wikipedia.
tag:beta.opencdms.org,2023:/vocab/territory/MLI|MLI|Mali|Republic of Mali|tag:beta.opencdms.org,2023:/vocab/wmo_region/I|NA|1|NA|tag:beta.opencdms.org,2023:/data/user/default|tag:beta.opencdms.org,2023:/vocab/status/latest|List based on combination of WMO member list, UN list of territories and information available from wikipedia.
tag:beta.opencdms.org,2023:/vocab/territory/MLT|MLT|Malta|Republic of Malta|tag:beta.opencdms.org,2023:/vocab/wmo_region/IV|NA|1|NA|tag:beta.opencdms.org,2023:/data/user/default|tag:beta.opencdms.org,2023:/vocab/status/latest|List based on combination of WMO member list, UN list of territories and information available from wikipedia.
tag:beta.opencdms.org,2023:/vocab/territory/MHL|MHL|Marshall Islands|Republic of the Marshall Islands|NA|NA|1|NA|tag:beta.opencdms.org,2023:/data/user/default|tag:beta.opencdms.org,2023:/vocab/status/latest|List based on combination of WMO member list, UN list of territories and information available from wikipedia.
tag:beta.opencdms.org,2023:/vocab/territory/MRT|MRT|Mauritania|Islamic Republic of Mauritania|tag:beta.opencdms.org,2023:/vocab/wmo_region/I|NA|1|NA|tag:beta.opencdms.org,2023:/data/user/default|tag:beta.opencdms.org,2023:/vocab/status/latest|List based on combination of WMO member list, UN list of territories and information available from wikipedia.
tag:beta.opencdms.org,2023:/vocab/territory/MUS|MUS|Mauritius|Republic of Mauritius|tag:beta.opencdms.org,2023:/vocab/wmo_region/I|NA|1|NA|tag:beta.opencdms.org,2023:/data/user/default|tag:beta.opencdms.org,2023:/vocab/status/latest|List based on combination of WMO member list, UN list of territories and information available from wikipedia.
tag:beta.opencdms.org,2023:/vocab/territory/MEX|MEX|Mexico|United Mexican States (Mexico) |tag:beta.opencdms.org,2023:/vocab/wmo_region/IV|NA|1|NA|tag:beta.opencdms.org,2023:/data/user/default|tag:beta.opencdms.org,2023:/vocab/status/latest|List based on combination of WMO member list, UN list of territories and information available from wikipedia.
tag:beta.opencdms.org,2023:/vocab/territory/FSM|FSM|Micronesia, Federated States of|Federated States of Micronesia|tag:beta.opencdms.org,2023:/vocab/wmo_region/V|NA|1|NA|tag:beta.opencdms.org,2023:/data/user/default|tag:beta.opencdms.org,2023:/vocab/status/latest|List based on combination of WMO member list, UN list of territories and information available from wikipedia.
tag:beta.opencdms.org,2023:/vocab/territory/MDA|MDA|Moldova, Republic of|Republic of Moldova|tag:beta.opencdms.org,2023:/vocab/wmo_region/IV|NA|1|NA|tag:beta.opencdms.org,2023:/data/user/default|tag:beta.opencdms.org,2023:/vocab/status/latest|List based on combination of WMO member list, UN list of territories and information available from wikipedia.
tag:beta.opencdms.org,2023:/vocab/territory/MCO|MCO|Monaco|Principality of Monaco|tag:beta.opencdms.org,2023:/vocab/wmo_region/IV|NA|1|NA|tag:beta.opencdms.org,2023:/data/user/default|tag:beta.opencdms.org,2023:/vocab/status/latest|List based on combination of WMO member list, UN list of territories and information available from wikipedia.
tag:beta.opencdms.org,2023:/vocab/territory/MNG|MNG|Mongolia|Mongolia|tag:beta.opencdms.org,2023:/vocab/wmo_region/II|NA|1|NA|tag:beta.opencdms.org,2023:/data/user/default|tag:beta.opencdms.org,2023:/vocab/status/latest|List based on combination of WMO member list, UN list of territories and information available from wikipedia.
tag:beta.opencdms.org,2023:/vocab/territory/MNE|MNE|Montenegro|Montenegro|tag:beta.opencdms.org,2023:/vocab/wmo_region/IV|NA|1|NA|tag:beta.opencdms.org,2023:/data/user/default|tag:beta.opencdms.org,2023:/vocab/status/latest|List based on combination of WMO member list, UN list of territories and information available from wikipedia.
tag:beta.opencdms.org,2023:/vocab/territory/MSR|MSR|Montserrat|Montserrat|tag:beta.opencdms.org,2023:/vocab/wmo_region/IV|NA|1|NA|tag:beta.opencdms.org,2023:/data/user/default|tag:beta.opencdms.org,2023:/vocab/status/latest|List based on combination of WMO member list, UN list of territories and information available from wikipedia.
tag:beta.opencdms.org,2023:/vocab/territory/MAR|MAR|Morocco|Kingdom of Morocco|tag:beta.opencdms.org,2023:/vocab/wmo_region/I|NA|1|NA|tag:beta.opencdms.org,2023:/data/user/default|tag:beta.opencdms.org,2023:/vocab/status/latest|List based on combination of WMO member list, UN list of territories and information available from wikipedia.
tag:beta.opencdms.org,2023:/vocab/territory/MOZ|MOZ|Mozambique|Republic of Mozambique|tag:beta.opencdms.org,2023:/vocab/wmo_region/I|NA|1|NA|tag:beta.opencdms.org,2023:/data/user/default|tag:beta.opencdms.org,2023:/vocab/status/latest|List based on combination of WMO member list, UN list of territories and information available from wikipedia.
tag:beta.opencdms.org,2023:/vocab/territory/MMR|MMR|Myanmar|Republic of the Union of Myanmar|tag:beta.opencdms.org,2023:/vocab/wmo_region/II|NA|1|NA|tag:beta.opencdms.org,2023:/data/user/default|tag:beta.opencdms.org,2023:/vocab/status/latest|List based on combination of WMO member list, UN list of territories and information available from wikipedia.
tag:beta.opencdms.org,2023:/vocab/territory/NAM|NAM|Namibia|Republic of Namibia|tag:beta.opencdms.org,2023:/vocab/wmo_region/I|NA|1|NA|tag:beta.opencdms.org,2023:/data/user/default|tag:beta.opencdms.org,2023:/vocab/status/latest|List based on combination of WMO member list, UN list of territories and information available from wikipedia.
tag:beta.opencdms.org,2023:/vocab/territory/NRU|NRU|Nauru|Republic of Nauru|tag:beta.opencdms.org,2023:/vocab/wmo_region/V|NA|1|NA|tag:beta.opencdms.org,2023:/data/user/default|tag:beta.opencdms.org,2023:/vocab/status/latest|List based on combination of WMO member list, UN list of territories and information available from wikipedia.
tag:beta.opencdms.org,2023:/vocab/territory/NPL|NPL|Nepal|Federal Democratic Republic of Nepal|tag:beta.opencdms.org,2023:/vocab/wmo_region/II|NA|1|NA|tag:beta.opencdms.org,2023:/data/user/default|tag:beta.opencdms.org,2023:/vocab/status/latest|List based on combination of WMO member list, UN list of territories and information available from wikipedia.
tag:beta.opencdms.org,2023:/vocab/territory/NLD|NLD|Netherlands|Kingdom of the Netherlands|tag:beta.opencdms.org,2023:/vocab/wmo_region/IV|NA|1|NA|tag:beta.opencdms.org,2023:/data/user/default|tag:beta.opencdms.org,2023:/vocab/status/latest|List based on combination of WMO member list, UN list of territories and information available from wikipedia.
tag:beta.opencdms.org,2023:/vocab/territory/NCL|NCL|New Caledonia|New Caledonia|tag:beta.opencdms.org,2023:/vocab/wmo_region/V|NA|1|NA|tag:beta.opencdms.org,2023:/data/user/default|tag:beta.opencdms.org,2023:/vocab/status/latest|List based on combination of WMO member list, UN list of territories and information available from wikipedia.
tag:beta.opencdms.org,2023:/vocab/territory/NZL|NZL|New Zealand|New Zealand |tag:beta.opencdms.org,2023:/vocab/wmo_region/V|NA|1|NA|tag:beta.opencdms.org,2023:/data/user/default|tag:beta.opencdms.org,2023:/vocab/status/latest|List based on combination of WMO member list, UN list of territories and information available from wikipedia.
tag:beta.opencdms.org,2023:/vocab/territory/NIC|NIC|Nicaragua|Republic of Nicaragua|tag:beta.opencdms.org,2023:/vocab/wmo_region/IV|NA|1|NA|tag:beta.opencdms.org,2023:/data/user/default|tag:beta.opencdms.org,2023:/vocab/status/latest|List based on combination of WMO member list, UN list of territories and information available from wikipedia.
tag:beta.opencdms.org,2023:/vocab/territory/NER|NER|Niger|Republic of the Niger|tag:beta.opencdms.org,2023:/vocab/wmo_region/I|NA|1|NA|tag:beta.opencdms.org,2023:/data/user/default|tag:beta.opencdms.org,2023:/vocab/status/latest|List based on combination of WMO member list, UN list of territories and information available from wikipedia.
tag:beta.opencdms.org,2023:/vocab/territory/NGA|NGA|Nigeria|Federal Republic of Nigeria|tag:beta.opencdms.org,2023:/vocab/wmo_region/I|NA|1|NA|tag:beta.opencdms.org,2023:/data/user/default|tag:beta.opencdms.org,2023:/vocab/status/latest|List based on combination of WMO member list, UN list of territories and information available from wikipedia.
tag:beta.opencdms.org,2023:/vocab/territory/NIU|NIU|Niue|Niue|tag:beta.opencdms.org,2023:/vocab/wmo_region/V|NA|1|NA|tag:beta.opencdms.org,2023:/data/user/default|tag:beta.opencdms.org,2023:/vocab/status/latest|List based on combination of WMO member list, UN list of territories and information available from wikipedia.
tag:beta.opencdms.org,2023:/vocab/territory/MKD|MKD|North Macedonia|Republic of North Macedonia|tag:beta.opencdms.org,2023:/vocab/wmo_region/IV|NA|1|NA|tag:beta.opencdms.org,2023:/data/user/default|tag:beta.opencdms.org,2023:/vocab/status/latest|List based on combination of WMO member list, UN list of territories and information available from wikipedia.
tag:beta.opencdms.org,2023:/vocab/territory/NOR|NOR|Norway|Kingdom of Norway|tag:beta.opencdms.org,2023:/vocab/wmo_region/IV|NA|1|NA|tag:beta.opencdms.org,2023:/data/user/default|tag:beta.opencdms.org,2023:/vocab/status/latest|List based on combination of WMO member list, UN list of territories and information available from wikipedia.
tag:beta.opencdms.org,2023:/vocab/territory/OMN|OMN|Oman|Sultanate of Oman|tag:beta.opencdms.org,2023:/vocab/wmo_region/II|NA|1|NA|tag:beta.opencdms.org,2023:/data/user/default|tag:beta.opencdms.org,2023:/vocab/status/latest|List based on combination of WMO member list, UN list of territories and information available from wikipedia.
tag:beta.opencdms.org,2023:/vocab/territory/PAK|PAK|Pakistan|Islamic Republic of Pakistan|tag:beta.opencdms.org,2023:/vocab/wmo_region/II|NA|1|NA|tag:beta.opencdms.org,2023:/data/user/default|tag:beta.opencdms.org,2023:/vocab/status/latest|List based on combination of WMO member list, UN list of territories and information available from wikipedia.
tag:beta.opencdms.org,2023:/vocab/territory/PLW|PLW|Palau|Republic of Palau|NA|NA|1|NA|tag:beta.opencdms.org,2023:/data/user/default|tag:beta.opencdms.org,2023:/vocab/status/latest|List based on combination of WMO member list, UN list of territories and information available from wikipedia.
tag:beta.opencdms.org,2023:/vocab/territory/PSE|PSE|Palestine, State of|State of Palestine|NA|NA|1|NA|tag:beta.opencdms.org,2023:/data/user/default|tag:beta.opencdms.org,2023:/vocab/status/latest|List based on combination of WMO member list, UN list of territories and information available from wikipedia.
tag:beta.opencdms.org,2023:/vocab/territory/PAN|PAN|Panama|Republic of Panama|tag:beta.opencdms.org,2023:/vocab/wmo_region/IV|NA|1|NA|tag:beta.opencdms.org,2023:/data/user/default|tag:beta.opencdms.org,2023:/vocab/status/latest|List based on combination of WMO member list, UN list of territories and information available from wikipedia.
tag:beta.opencdms.org,2023:/vocab/territory/PNG|PNG|Papua New Guinea|Independent State of Papua New Guinea |tag:beta.opencdms.org,2023:/vocab/wmo_region/V|NA|1|NA|tag:beta.opencdms.org,2023:/data/user/default|tag:beta.opencdms.org,2023:/vocab/status/latest|List based on combination of WMO member list, UN list of territories and information available from wikipedia.
tag:beta.opencdms.org,2023:/vocab/territory/PRY|PRY|Paraguay|Republic of Paraguay|tag:beta.opencdms.org,2023:/vocab/wmo_region/III|NA|1|NA|tag:beta.opencdms.org,2023:/data/user/default|tag:beta.opencdms.org,2023:/vocab/status/latest|List based on combination of WMO member list, UN list of territories and information available from wikipedia.
tag:beta.opencdms.org,2023:/vocab/territory/PER|PER|Peru|Republic of Peru|tag:beta.opencdms.org,2023:/vocab/wmo_region/III|NA|1|NA|tag:beta.opencdms.org,2023:/data/user/default|tag:beta.opencdms.org,2023:/vocab/status/latest|List based on combination of WMO member list, UN list of territories and information available from wikipedia.
tag:beta.opencdms.org,2023:/vocab/territory/PHL|PHL|Philippines|Republic of the Philippines|tag:beta.opencdms.org,2023:/vocab/wmo_region/V|NA|1|NA|tag:beta.opencdms.org,2023:/data/user/default|tag:beta.opencdms.org,2023:/vocab/status/latest|List based on combination of WMO member list, UN list of territories and information available from wikipedia.
tag:beta.opencdms.org,2023:/vocab/territory/PCN|PCN|Pitcairn|Pitcairn, Henderson, Ducie and Oeno Islands|NA|NA|1|NA|tag:beta.opencdms.org,2023:/data/user/default|tag:beta.opencdms.org,2023:/vocab/status/latest|List based on combination of WMO member list, UN list of territories and information available from wikipedia.
tag:beta.opencdms.org,2023:/vocab/territory/POL|POL|Poland|Republic of Poland|tag:beta.opencdms.org,2023:/vocab/wmo_region/IV|NA|1|NA|tag:beta.opencdms.org,2023:/data/user/default|tag:beta.opencdms.org,2023:/vocab/status/latest|List based on combination of WMO member list, UN list of territories and information available from wikipedia.
tag:beta.opencdms.org,2023:/vocab/territory/PRT|PRT|Portugal|Republic of Portugal|tag:beta.opencdms.org,2023:/vocab/wmo_region/IV|NA|1|NA|tag:beta.opencdms.org,2023:/data/user/default|tag:beta.opencdms.org,2023:/vocab/status/latest|List based on combination of WMO member list, UN list of territories and information available from wikipedia.
tag:beta.opencdms.org,2023:/vocab/territory/PRI|PRI|Puerto Rico|Commonwealth of Puerto Rico|NA|NA|1|NA|tag:beta.opencdms.org,2023:/data/user/default|tag:beta.opencdms.org,2023:/vocab/status/latest|List based on combination of WMO member list, UN list of territories and information available from wikipedia.
tag:beta.opencdms.org,2023:/vocab/territory/QAT|QAT|Qatar|State of Qatar |tag:beta.opencdms.org,2023:/vocab/wmo_region/II|NA|1|NA|tag:beta.opencdms.org,2023:/data/user/default|tag:beta.opencdms.org,2023:/vocab/status/latest|List based on combination of WMO member list, UN list of territories and information available from wikipedia.
tag:beta.opencdms.org,2023:/vocab/territory/ROU|ROU|Romania|Romania|tag:beta.opencdms.org,2023:/vocab/wmo_region/IV|NA|1|NA|tag:beta.opencdms.org,2023:/data/user/default|tag:beta.opencdms.org,2023:/vocab/status/latest|List based on combination of WMO member list, UN list of territories and information available from wikipedia.
tag:beta.opencdms.org,2023:/vocab/territory/RUS|RUS|Russian Federation|Russian Federation |tag:beta.opencdms.org,2023:/vocab/wmo_region/IV|NA|1|NA|tag:beta.opencdms.org,2023:/data/user/default|tag:beta.opencdms.org,2023:/vocab/status/latest|List based on combination of WMO member list, UN list of territories and information available from wikipedia.
tag:beta.opencdms.org,2023:/vocab/territory/RWA|RWA|Rwanda|Republic of Rwanda|tag:beta.opencdms.org,2023:/vocab/wmo_region/I|NA|1|NA|tag:beta.opencdms.org,2023:/data/user/default|tag:beta.opencdms.org,2023:/vocab/status/latest|List based on combination of WMO member list, UN list of territories and information available from wikipedia.
tag:beta.opencdms.org,2023:/vocab/territory/SHN|SHN|Saint Helena|Saint Helena|NA|NA|1|NA|tag:beta.opencdms.org,2023:/data/user/default|tag:beta.opencdms.org,2023:/vocab/status/latest|List based on combination of WMO member list, UN list of territories and information available from wikipedia.
168|K|Saint Kitts and Nevis|Saint Kitts and Nevis |NA|NA|1|NA|tag:beta.opencdms.org,2023:/data/user/default|tag:beta.opencdms.org,2023:/vocab/status/latest|List based on combination of WMO member list, UN list of territories and information available from wikipedia.
tag:beta.opencdms.org,2023:/vocab/territory/LCA|LCA|Saint Lucia|Saint Lucia |tag:beta.opencdms.org,2023:/vocab/wmo_region/IV|NA|1|NA|tag:beta.opencdms.org,2023:/data/user/default|tag:beta.opencdms.org,2023:/vocab/status/latest|List based on combination of WMO member list, UN list of territories and information available from wikipedia.
tag:beta.opencdms.org,2023:/vocab/territory/SPM|SPM|Saint Pierre and Miquelon|Territorial Collectivity of Saint-Pierre and Miquelon|NA|NA|1|NA|tag:beta.opencdms.org,2023:/data/user/default|tag:beta.opencdms.org,2023:/vocab/status/latest|List based on combination of WMO member list, UN list of territories and information available from wikipedia.
tag:beta.opencdms.org,2023:/vocab/territory/VCT|VCT|Saint Vincent and Grenadines|Saint Vincent and the Grenadines |NA|NA|1|NA|tag:beta.opencdms.org,2023:/data/user/default|tag:beta.opencdms.org,2023:/vocab/status/latest|List based on combination of WMO member list, UN list of territories and information available from wikipedia.
tag:beta.opencdms.org,2023:/vocab/territory/WSM|WSM|Samoa|Independent State of Samoa|tag:beta.opencdms.org,2023:/vocab/wmo_region/V|NA|1|NA|tag:beta.opencdms.org,2023:/data/user/default|tag:beta.opencdms.org,2023:/vocab/status/latest|List based on combination of WMO member list, UN list of territories and information available from wikipedia.
tag:beta.opencdms.org,2023:/vocab/territory/STP|STP|Sao Tome and Principe|Democratic Republic of Sao Tome and Principe|tag:beta.opencdms.org,2023:/vocab/wmo_region/I|NA|1|NA|tag:beta.opencdms.org,2023:/data/user/default|tag:beta.opencdms.org,2023:/vocab/status/latest|List based on combination of WMO member list, UN list of territories and information available from wikipedia.
tag:beta.opencdms.org,2023:/vocab/territory/SAU|SAU|Saudi Arabia|Kingdom of Saudi Arabia|tag:beta.opencdms.org,2023:/vocab/wmo_region/II|NA|1|NA|tag:beta.opencdms.org,2023:/data/user/default|tag:beta.opencdms.org,2023:/vocab/status/latest|List based on combination of WMO member list, UN list of territories and information available from wikipedia.
tag:beta.opencdms.org,2023:/vocab/territory/SEN|SEN|Senegal|Republic of Senegal|tag:beta.opencdms.org,2023:/vocab/wmo_region/I|NA|1|NA|tag:beta.opencdms.org,2023:/data/user/default|tag:beta.opencdms.org,2023:/vocab/status/latest|List based on combination of WMO member list, UN list of territories and information available from wikipedia.
tag:beta.opencdms.org,2023:/vocab/territory/SRB|SRB|Serbia|Republic of Serbia|tag:beta.opencdms.org,2023:/vocab/wmo_region/IV|NA|1|NA|tag:beta.opencdms.org,2023:/data/user/default|tag:beta.opencdms.org,2023:/vocab/status/latest|List based on combination of WMO member list, UN list of territories and information available from wikipedia.
tag:beta.opencdms.org,2023:/vocab/territory/SYC|SYC|Seychelles|Republic of Seychelles|tag:beta.opencdms.org,2023:/vocab/wmo_region/I|NA|1|NA|tag:beta.opencdms.org,2023:/data/user/default|tag:beta.opencdms.org,2023:/vocab/status/latest|List based on combination of WMO member list, UN list of territories and information available from wikipedia.
tag:beta.opencdms.org,2023:/vocab/territory/SLE|SLE|Sierra Leone|Republic of Sierra Leone|tag:beta.opencdms.org,2023:/vocab/wmo_region/I|NA|1|NA|tag:beta.opencdms.org,2023:/data/user/default|tag:beta.opencdms.org,2023:/vocab/status/latest|List based on combination of WMO member list, UN list of territories and information available from wikipedia.
tag:beta.opencdms.org,2023:/vocab/territory/SGP|SGP|Singapore|Republic of Singapore|tag:beta.opencdms.org,2023:/vocab/wmo_region/V|NA|1|NA|tag:beta.opencdms.org,2023:/data/user/default|tag:beta.opencdms.org,2023:/vocab/status/latest|List based on combination of WMO member list, UN list of territories and information available from wikipedia.
tag:beta.opencdms.org,2023:/vocab/territory/SXM|SXM|Sint Maarten|Sint Maarten|tag:beta.opencdms.org,2023:/vocab/wmo_region/IV|NA|1|NA|tag:beta.opencdms.org,2023:/data/user/default|tag:beta.opencdms.org,2023:/vocab/status/latest|List based on combination of WMO member list, UN list of territories and information available from wikipedia.
tag:beta.opencdms.org,2023:/vocab/territory/SVK|SVK|Slovakia|Slovak Republic |tag:beta.opencdms.org,2023:/vocab/wmo_region/IV|NA|1|NA|tag:beta.opencdms.org,2023:/data/user/default|tag:beta.opencdms.org,2023:/vocab/status/latest|List based on combination of WMO member list, UN list of territories and information available from wikipedia.
tag:beta.opencdms.org,2023:/vocab/territory/SVN|SVN|Slovenia|Republic of Slovenia|tag:beta.opencdms.org,2023:/vocab/wmo_region/IV|NA|1|NA|tag:beta.opencdms.org,2023:/data/user/default|tag:beta.opencdms.org,2023:/vocab/status/latest|List based on combination of WMO member list, UN list of territories and information available from wikipedia.
tag:beta.opencdms.org,2023:/vocab/territory/SLB|SLB|Solomon Islands|Solomon Islands |tag:beta.opencdms.org,2023:/vocab/wmo_region/V|NA|1|NA|tag:beta.opencdms.org,2023:/data/user/default|tag:beta.opencdms.org,2023:/vocab/status/latest|List based on combination of WMO member list, UN list of territories and information available from wikipedia.
tag:beta.opencdms.org,2023:/vocab/territory/SOM|SOM|Somalia|Federal Republic of Somalia |tag:beta.opencdms.org,2023:/vocab/wmo_region/I|NA|1|NA|tag:beta.opencdms.org,2023:/data/user/default|tag:beta.opencdms.org,2023:/vocab/status/latest|List based on combination of WMO member list, UN list of territories and information available from wikipedia.
tag:beta.opencdms.org,2023:/vocab/territory/ZAF|ZAF|South Africa|Republic of South Africa |tag:beta.opencdms.org,2023:/vocab/wmo_region/I|NA|1|NA|tag:beta.opencdms.org,2023:/data/user/default|tag:beta.opencdms.org,2023:/vocab/status/latest|List based on combination of WMO member list, UN list of territories and information available from wikipedia.
tag:beta.opencdms.org,2023:/vocab/territory/SGS|SGS|South Georgia and the South Sandwich Islands|South Georgia and the South Sandwich Islands|NA|NA|1|NA|tag:beta.opencdms.org,2023:/data/user/default|tag:beta.opencdms.org,2023:/vocab/status/latest|List based on combination of WMO member list, UN list of territories and information available from wikipedia.
tag:beta.opencdms.org,2023:/vocab/territory/SSD|SSD|South Sudan|Republic of South Sudan|tag:beta.opencdms.org,2023:/vocab/wmo_region/I|NA|1|NA|tag:beta.opencdms.org,2023:/data/user/default|tag:beta.opencdms.org,2023:/vocab/status/latest|List based on combination of WMO member list, UN list of territories and information available from wikipedia.
tag:beta.opencdms.org,2023:/vocab/territory/ESP|ESP|Spain|Kingdom of Spain|tag:beta.opencdms.org,2023:/vocab/wmo_region/IV|NA|1|NA|tag:beta.opencdms.org,2023:/data/user/default|tag:beta.opencdms.org,2023:/vocab/status/latest|List based on combination of WMO member list, UN list of territories and information available from wikipedia.
tag:beta.opencdms.org,2023:/vocab/territory/LKA|LKA|Sri Lanka|Democratic Socialist Republic of Sri Lanka|tag:beta.opencdms.org,2023:/vocab/wmo_region/II|NA|1|NA|tag:beta.opencdms.org,2023:/data/user/default|tag:beta.opencdms.org,2023:/vocab/status/latest|List based on combination of WMO member list, UN list of territories and information available from wikipedia.
tag:beta.opencdms.org,2023:/vocab/territory/SDN|SDN|Sudan|Republic of the Sudan|tag:beta.opencdms.org,2023:/vocab/wmo_region/I|NA|1|NA|tag:beta.opencdms.org,2023:/data/user/default|tag:beta.opencdms.org,2023:/vocab/status/latest|List based on combination of WMO member list, UN list of territories and information available from wikipedia.
tag:beta.opencdms.org,2023:/vocab/territory/SUR|SUR|Suriname|Republic of Suriname|tag:beta.opencdms.org,2023:/vocab/wmo_region/III|NA|1|NA|tag:beta.opencdms.org,2023:/data/user/default|tag:beta.opencdms.org,2023:/vocab/status/latest|List based on combination of WMO member list, UN list of territories and information available from wikipedia.
tag:beta.opencdms.org,2023:/vocab/territory/SWE|SWE|Sweden|Kingdom of Sweden|tag:beta.opencdms.org,2023:/vocab/wmo_region/IV|NA|1|NA|tag:beta.opencdms.org,2023:/data/user/default|tag:beta.opencdms.org,2023:/vocab/status/latest|List based on combination of WMO member list, UN list of territories and information available from wikipedia.
tag:beta.opencdms.org,2023:/vocab/territory/CHE|CHE|Switzerland|Swiss Confederation |tag:beta.opencdms.org,2023:/vocab/wmo_region/IV|NA|1|NA|tag:beta.opencdms.org,2023:/data/user/default|tag:beta.opencdms.org,2023:/vocab/status/latest|List based on combination of WMO member list, UN list of territories and information available from wikipedia.
tag:beta.opencdms.org,2023:/vocab/territory/SYR|SYR|Syrian Arab Republic|Syrian Arab Republic |tag:beta.opencdms.org,2023:/vocab/wmo_region/IV|NA|1|NA|tag:beta.opencdms.org,2023:/data/user/default|tag:beta.opencdms.org,2023:/vocab/status/latest|List based on combination of WMO member list, UN list of territories and information available from wikipedia.
tag:beta.opencdms.org,2023:/vocab/territory/TWN|TWN|Taiwan, Province of China|Taiwan, Province of China|NA|NA|1|NA|tag:beta.opencdms.org,2023:/data/user/default|tag:beta.opencdms.org,2023:/vocab/status/latest|List based on combination of WMO member list, UN list of territories and information available from wikipedia.
tag:beta.opencdms.org,2023:/vocab/territory/TJK|TJK|Tajikistan|Republic of Tajikistan|tag:beta.opencdms.org,2023:/vocab/wmo_region/II|NA|1|NA|tag:beta.opencdms.org,2023:/data/user/default|tag:beta.opencdms.org,2023:/vocab/status/latest|List based on combination of WMO member list, UN list of territories and information available from wikipedia.
tag:beta.opencdms.org,2023:/vocab/territory/TZA|TZA|Tanzania, United Republic of|United Republic of Tanzania|NA|NA|1|NA|tag:beta.opencdms.org,2023:/data/user/default|tag:beta.opencdms.org,2023:/vocab/status/latest|List based on combination of WMO member list, UN list of territories and information available from wikipedia.
tag:beta.opencdms.org,2023:/vocab/territory/THA|THA|Thailand|Kingdom of Thailand|tag:beta.opencdms.org,2023:/vocab/wmo_region/II|NA|1|NA|tag:beta.opencdms.org,2023:/data/user/default|tag:beta.opencdms.org,2023:/vocab/status/latest|List based on combination of WMO member list, UN list of territories and information available from wikipedia.
tag:beta.opencdms.org,2023:/vocab/territory/TLS|TLS|Timor-Leste|Democratic Republic of Timor-Leste|tag:beta.opencdms.org,2023:/vocab/wmo_region/V|NA|1|NA|tag:beta.opencdms.org,2023:/data/user/default|tag:beta.opencdms.org,2023:/vocab/status/latest|List based on combination of WMO member list, UN list of territories and information available from wikipedia.
tag:beta.opencdms.org,2023:/vocab/territory/TGO|TGO|Togo|Republic of Togo|tag:beta.opencdms.org,2023:/vocab/wmo_region/I|NA|1|NA|tag:beta.opencdms.org,2023:/data/user/default|tag:beta.opencdms.org,2023:/vocab/status/latest|List based on combination of WMO member list, UN list of territories and information available from wikipedia.
tag:beta.opencdms.org,2023:/vocab/territory/TKL|TKL|Tokelau|Tokelau|NA|NA|1|NA|tag:beta.opencdms.org,2023:/data/user/default|tag:beta.opencdms.org,2023:/vocab/status/latest|List based on combination of WMO member list, UN list of territories and information available from wikipedia.
tag:beta.opencdms.org,2023:/vocab/territory/TON|TON|Tonga|Kingdom of Tonga|tag:beta.opencdms.org,2023:/vocab/wmo_region/V|NA|1|NA|tag:beta.opencdms.org,2023:/data/user/default|tag:beta.opencdms.org,2023:/vocab/status/latest|List based on combination of WMO member list, UN list of territories and information available from wikipedia.
tag:beta.opencdms.org,2023:/vocab/territory/TTO|TTO|Trinidad and Tobago|Republic of Trinidad and Tobago|tag:beta.opencdms.org,2023:/vocab/wmo_region/IV|NA|1|NA|tag:beta.opencdms.org,2023:/data/user/default|tag:beta.opencdms.org,2023:/vocab/status/latest|List based on combination of WMO member list, UN list of territories and information available from wikipedia.
tag:beta.opencdms.org,2023:/vocab/territory/TUN|TUN|Tunisia|Republic of Tunisia|tag:beta.opencdms.org,2023:/vocab/wmo_region/I|NA|1|NA|tag:beta.opencdms.org,2023:/data/user/default|tag:beta.opencdms.org,2023:/vocab/status/latest|List based on combination of WMO member list, UN list of territories and information available from wikipedia.
tag:beta.opencdms.org,2023:/vocab/territory/TUR|TUR|Türkiye|Republic of Türkiye|tag:beta.opencdms.org,2023:/vocab/wmo_region/IV|NA|1|NA|tag:beta.opencdms.org,2023:/data/user/default|tag:beta.opencdms.org,2023:/vocab/status/latest|List based on combination of WMO member list, UN list of territories and information available from wikipedia.
tag:beta.opencdms.org,2023:/vocab/territory/TKM|TKM|Turkmenistan|Turkmenistan|tag:beta.opencdms.org,2023:/vocab/wmo_region/II|NA|1|NA|tag:beta.opencdms.org,2023:/data/user/default|tag:beta.opencdms.org,2023:/vocab/status/latest|List based on combination of WMO member list, UN list of territories and information available from wikipedia.
tag:beta.opencdms.org,2023:/vocab/territory/TCA|TCA|Turks and Caicos Islands|Turks and Caicos Islands|tag:beta.opencdms.org,2023:/vocab/wmo_region/IV|NA|1|NA|tag:beta.opencdms.org,2023:/data/user/default|tag:beta.opencdms.org,2023:/vocab/status/latest|List based on combination of WMO member list, UN list of territories and information available from wikipedia.
tag:beta.opencdms.org,2023:/vocab/territory/TUV|TUV|Tuvalu|Tuvalu|tag:beta.opencdms.org,2023:/vocab/wmo_region/V|NA|1|NA|tag:beta.opencdms.org,2023:/data/user/default|tag:beta.opencdms.org,2023:/vocab/status/latest|List based on combination of WMO member list, UN list of territories and information available from wikipedia.
tag:beta.opencdms.org,2023:/vocab/territory/UGA|UGA|Uganda|Republic of Uganda|tag:beta.opencdms.org,2023:/vocab/wmo_region/I|NA|1|NA|tag:beta.opencdms.org,2023:/data/user/default|tag:beta.opencdms.org,2023:/vocab/status/latest|List based on combination of WMO member list, UN list of territories and information available from wikipedia.
tag:beta.opencdms.org,2023:/vocab/territory/UKR|UKR|Ukraine|Ukraine|tag:beta.opencdms.org,2023:/vocab/wmo_region/IV|NA|1|NA|tag:beta.opencdms.org,2023:/data/user/default|tag:beta.opencdms.org,2023:/vocab/status/latest|List based on combination of WMO member list, UN list of territories and information available from wikipedia.
tag:beta.opencdms.org,2023:/vocab/territory/ARE|ARE|United Arab Emirates (the)|United Arab Emirates |tag:beta.opencdms.org,2023:/vocab/wmo_region/II|NA|1|NA|tag:beta.opencdms.org,2023:/data/user/default|tag:beta.opencdms.org,2023:/vocab/status/latest|List based on combination of WMO member list, UN list of territories and information available from wikipedia.
tag:beta.opencdms.org,2023:/vocab/territory/GBR|GBR|United Kingdom of Great Britain and Northern Ireland (the)|United Kingdom of Great Britain and Northern Ireland |tag:beta.opencdms.org,2023:/vocab/wmo_region/IV|NA|1|NA|tag:beta.opencdms.org,2023:/data/user/default|tag:beta.opencdms.org,2023:/vocab/status/latest|List based on combination of WMO member list, UN list of territories and information available from wikipedia.
tag:beta.opencdms.org,2023:/vocab/territory/USA|USA|United States (the)|United States of America |tag:beta.opencdms.org,2023:/vocab/wmo_region/IV|NA|1|NA|tag:beta.opencdms.org,2023:/data/user/default|tag:beta.opencdms.org,2023:/vocab/status/latest|List based on combination of WMO member list, UN list of territories and information available from wikipedia.
tag:beta.opencdms.org,2023:/vocab/territory/URY|URY|Uruguay|Oriental Republic of Uruguay|tag:beta.opencdms.org,2023:/vocab/wmo_region/III|NA|1|NA|tag:beta.opencdms.org,2023:/data/user/default|tag:beta.opencdms.org,2023:/vocab/status/latest|List based on combination of WMO member list, UN list of territories and information available from wikipedia.
tag:beta.opencdms.org,2023:/vocab/territory/UZB|UZB|Uzbekistan|Republic of Uzbekistan|tag:beta.opencdms.org,2023:/vocab/wmo_region/II|NA|1|NA|tag:beta.opencdms.org,2023:/data/user/default|tag:beta.opencdms.org,2023:/vocab/status/latest|List based on combination of WMO member list, UN list of territories and information available from wikipedia.
tag:beta.opencdms.org,2023:/vocab/territory/VUT|VUT|Vanuatu|Republic of Vanuatu|tag:beta.opencdms.org,2023:/vocab/wmo_region/V|NA|1|NA|tag:beta.opencdms.org,2023:/data/user/default|tag:beta.opencdms.org,2023:/vocab/status/latest|List based on combination of WMO member list, UN list of territories and information available from wikipedia.
tag:beta.opencdms.org,2023:/vocab/territory/VEN|VEN|Venezuela, Bolivarian Republic of|Bolivarian Republic of Venezuela|tag:beta.opencdms.org,2023:/vocab/wmo_region/III|NA|1|NA|tag:beta.opencdms.org,2023:/data/user/default|tag:beta.opencdms.org,2023:/vocab/status/latest|List based on combination of WMO member list, UN list of territories and information available from wikipedia.
tag:beta.opencdms.org,2023:/vocab/territory/VNM|VNM|Viet Nam|Socialist Republic of Viet Nam|tag:beta.opencdms.org,2023:/vocab/wmo_region/II|NA|1|NA|tag:beta.opencdms.org,2023:/data/user/default|tag:beta.opencdms.org,2023:/vocab/status/latest|List based on combination of WMO member list, UN list of territories and information available from wikipedia.
tag:beta.opencdms.org,2023:/vocab/territory/ESH|ESH|Western Sahara|Western Sahara|NA|NA|1|NA|tag:beta.opencdms.org,2023:/data/user/default|tag:beta.opencdms.org,2023:/vocab/status/latest|List based on combination of WMO member list, UN list of territories and information available from wikipedia.
tag:beta.opencdms.org,2023:/vocab/territory/YEM|YEM|Yemen|Republic of Yemen|tag:beta.opencdms.org,2023:/vocab/wmo_region/II|NA|1|NA|tag:beta.opencdms.org,2023:/data/user/default|tag:beta.opencdms.org,2023:/vocab/status/latest|List based on combination of WMO member list, UN list of territories and information available from wikipedia.
tag:beta.opencdms.org,2023:/vocab/territory/ZMB|ZMB|Zambia|Republic of Zambia|tag:beta.opencdms.org,2023:/vocab/wmo_region/I|NA|1|NA|tag:beta.opencdms.org,2023:/data/user/default|tag:beta.opencdms.org,2023:/vocab/status/latest|List based on combination of WMO member list, UN list of territories and information available from wikipedia.
tag:beta.opencdms.org,2023:/vocab/territory/ZWE|ZWE|Zimbabwe|Republic of Zimbabwe|tag:beta.opencdms.org,2023:/vocab/wmo_region/I|NA|1|NA|tag:beta.opencdms.org,2023:/data/user/default|tag:beta.opencdms.org,2023:/vocab/status/latest|List based on combination of WMO member list, UN list of territories and information available from wikipedia.
tag:beta.opencdms.org,2023:/vocab/territory/unknown|Unknown|Unknown|Unknown|NA|NA|1|NA|tag:beta.opencdms.org,2023:/data/user/default|tag:beta.opencdms.org,2023:/vocab/status/latest|List based on combination of WMO member list, UN list of territories and information available from wikipedia.
tag:beta.opencdms.org,2023:/vocab/territory/inapplicable|inapplicable|inapplicable|inapplicable|NA|NA|1|NA|tag:beta.opencdms.org,2023:/data/user/default|tag:beta.opencdms.org,2023:/vocab/status/latest|List based on combination of WMO member list, UN list of territories and information available from wikipedia.
